/mnt/c/xs_pkl/11c2de0e353fefdddeaf0daf925ac4ad9770fff7.pkl,0
/mnt/c/xs_pkl/0d84600b4a8227f604d8c35e09a4137dbbcfcee2.pkl,0
/mnt/c/xs_pkl/509c1675b4d92e34485e32df7229987b957ebbd7.pkl,0
/mnt/c/xs_pkl/e874ca3952f8cb00ee78e1fe681aa7e6c319f6c6.pkl,0
/mnt/c/xs_pkl/2f891ac08ae88b4f66084d297379aae9beae492c.pkl,0
/mnt/c/xs_pkl/265bf8cadf460109a3a2d0d8e23b7b1eb18d7660.pkl,0
/mnt/c/xs_pkl/430df0fc22b123eec335efbf39eada23aae97ec3.pkl,0
/mnt/c/xs_pkl/961b86bd49ba81c8580e976918cc564a5b737b50.pkl,1
/mnt/c/xs_pkl/8360067510be30cb421a559494d6a0e3d576f89e.pkl,0
/mnt/c/xs_pkl/44a972c0ccbd52ac6e21f2c0cc1dc81907b5e7dd.pkl,0
/mnt/c/xs_pkl/b827b5f028061cc82c430c1db92e44e9225db392.pkl,0
/mnt/c/xs_pkl/872f9ab9a02f3b03988f54b88294d46ecef884c4.pkl,0
/mnt/c/xs_pkl/2b8539509942e8db819e1a803da86266676f61d9.pkl,1
/mnt/c/xs_pkl/9d2b9c2f7780e32069f35c32a13ac49c241be909.pkl,0
/mnt/c/xs_pkl/41fa23c7d146cc5a95cedc724a3cf383bc1149cf.pkl,1
/mnt/c/xs_pkl/bc993425163b89ecb757bef045ef582041da0603.pkl,0
/mnt/c/xs_pkl/ac475af0db76257d6bfed398930ab154db23bc6f.pkl,0
/mnt/c/xs_pkl/16ab8f99ad3540309f1375420d4a4da35013543e.pkl,1
/mnt/c/xs_pkl/3e880c502b2d838ee8059b1ba02aeceb8d8f3ad8.pkl,0
/mnt/c/xs_pkl/cc166f76626f94cdbabd8095286a82a474af9f8e.pkl,0
/mnt/c/xs_pkl/3f5d26e95b2ace182ee376f7bcf7c57d77b71547.pkl,0
/mnt/c/xs_pkl/48d6b80dd67f6705a05b8512bef983c6770f21da.pkl,1
/mnt/c/xs_pkl/efe9e7f52b9b13199ad5f0481793ef3667c72214.pkl,0
/mnt/c/xs_pkl/02bbf1af5a431ac96b9eeb1b500fc853ea1387c7.pkl,0
/mnt/c/xs_pkl/9311b40eca13f6eb86f7580ef19e90af46d0d898.pkl,0
/mnt/c/xs_pkl/a720d1c57b42e6a7c0715c0dff836fec80f40b42.pkl,0
/mnt/c/xs_pkl/1f1e159a2dfe4f80fbb3f64f3f5bce159fa611f7.pkl,0
/mnt/c/xs_pkl/a344e53dc811235d37f5d70ad3f17c3c22d8abec.pkl,0
/mnt/c/xs_pkl/4c5cfa9f78d497c5c5f8dcc89558aeb8ff4783bc.pkl,0
/mnt/c/xs_pkl/08231934aa2b5395d4b22892d8be70f9cf250ac6.pkl,0
/mnt/c/xs_pkl/e728c6e6fb95fe57c98a9ef0bc8d9fbeef6bbcc1.pkl,0
/mnt/c/xs_pkl/6d0b37c5bd679eaade00c7f4f589a55704880186.pkl,0
/mnt/c/xs_pkl/3d4afedf0885641a58dcc5e7cfe69f5a395c06b0.pkl,0
/mnt/c/xs_pkl/4ae02bbaf045247abab4a12ae80d41fc5d3834bb.pkl,1
/mnt/c/xs_pkl/4debc5f0af76715aca02e1a87ff3e2b378514468.pkl,0
/mnt/c/xs_pkl/60d6f914646663e8c1f4c395fd1135f737a642ef.pkl,0
/mnt/c/xs_pkl/aa088c86f6188446585e3e3bb7aaa98c88904bbe.pkl,0
/mnt/c/xs_pkl/9d2886e8f80b6718371bb3d52345709c179f7cce.pkl,1
/mnt/c/xs_pkl/dc35f1d22fdda94e43081b7b819b270bdde08472.pkl,0
/mnt/c/xs_pkl/f1fe588fa4e156d05f6a5c314cabba62091edd4f.pkl,0
/mnt/c/xs_pkl/da16ccf70b030b662f6a32e64a0e1499e0ad5cc3.pkl,0
/mnt/c/xs_pkl/7448e9a65ef3fe4ea950a587adacc719ca86b1fe.pkl,0
/mnt/c/xs_pkl/2d49a7c1b9ee73d138e62dd970b91c4b7c8e274a.pkl,0
/mnt/c/xs_pkl/ccba2003bd6053ffaefac13db902c3b4a5b2e936.pkl,0
/mnt/c/xs_pkl/af5bd5bbfed46163b0ff114db67e1e53ea7512e3.pkl,0
/mnt/c/xs_pkl/826c05657287114fbfb9ba9cfcde606fe80856e3.pkl,0
/mnt/c/xs_pkl/898a036b9cc1e60d4ac9f9980ea18e6cd5d951e1.pkl,0
/mnt/c/xs_pkl/7b921f795a6535094d61d998f63eba7c9beb60ad.pkl,1
/mnt/c/xs_pkl/e094b22fef8c6e5e2b74b415c9be4155e5aee3af.pkl,0
/mnt/c/xs_pkl/ad1fd528c3e7a643cec2a84a710d99d5dc69c2f0.pkl,0
/mnt/c/xs_pkl/d5568b9c46b479c47ed0dc28fab570a477376759.pkl,0
/mnt/c/xs_pkl/b386ce7cd752ede465be65dbb0a16924ac699283.pkl,0
/mnt/c/xs_pkl/70c1f5a5ab23b9a5cb25957676b72db856618932.pkl,0
/mnt/c/xs_pkl/185b9f493a5c801f684f4c3f38bda8d0316aba1c.pkl,0
/mnt/c/xs_pkl/286dbba4312ad4de20b3826325eafd66fa10c959.pkl,0
/mnt/c/xs_pkl/5f3bebdfeb4725cde7fcd0563fe7ef8b39563131.pkl,1
/mnt/c/xs_pkl/777ea0df41965f9036768aa69a0c3301e391bd81.pkl,1
/mnt/c/xs_pkl/5a646268a2066da83ebc471b10011d8600b3cb33.pkl,1
/mnt/c/xs_pkl/cf0852020b6af71a00192906a6221e4d0740a503.pkl,0
/mnt/c/xs_pkl/2db1b1824b2457dc11b7ec8fe3a9146f22d1b85d.pkl,0
/mnt/c/xs_pkl/41a4f5047ae5818e96bd8ec928b681b9caf85135.pkl,0
/mnt/c/xs_pkl/29757c3dba17eb45609b11583759ff4b84b18b0f.pkl,0
/mnt/c/xs_pkl/d2f87ceeeafa54ef3099d70b4c56230b38c3a471.pkl,0
/mnt/c/xs_pkl/c08584ecb89dad4f90ff05b7814b228ff8ce004e.pkl,1
/mnt/c/xs_pkl/b9f93c730e134cafca51aaea8fe093f1fbf24cef.pkl,0
/mnt/c/xs_pkl/b5f70453382e675370458ad387257e1ba25ccdb5.pkl,0
/mnt/c/xs_pkl/6c0c66b4bce3a74eb9c06142aeca6c9f93a40cf0.pkl,0
/mnt/c/xs_pkl/3ea7b975468e7cd380f602e6feff5e5fece98fb7.pkl,0
/mnt/c/xs_pkl/4c82a5fded716135ae9633f055741f68f53b429e.pkl,0
/mnt/c/xs_pkl/c4f60bb42829edcf8863d7fb13dacfff9a93ec04.pkl,1
/mnt/c/xs_pkl/16cab384eb16948b347bec9f6cd39a8eae1afaa9.pkl,1
/mnt/c/xs_pkl/932424720e2f24d73b46fbbf7c5622f7e5f434ce.pkl,0
/mnt/c/xs_pkl/9b25e951b001ff96e5f425afc0d2726b187dbdf1.pkl,0
/mnt/c/xs_pkl/9b70bf0a7ebc265d708f770f5fc532f501bcb263.pkl,0
/mnt/c/xs_pkl/2a91160ccd2a1e4cd080e14f3dc72590973ac73e.pkl,0
/mnt/c/xs_pkl/c8e74bf784166854cd9a18b59f2613eb29e48e05.pkl,1
/mnt/c/xs_pkl/fe33b974b5189a97a16ddf38f48cc92726cdb6ef.pkl,0
/mnt/c/xs_pkl/388c634862e959139b4e22e3a25d62b1ecd8004a.pkl,1
/mnt/c/xs_pkl/25b8651eefe53fed610c9dcbf408bca58a441d6a.pkl,0
/mnt/c/xs_pkl/829be11c296d02adc50c94c7da28428c8de4ce46.pkl,0
/mnt/c/xs_pkl/06132f7a9305bc85070672144305a9266af8f8a0.pkl,0
/mnt/c/xs_pkl/b75e706c15addc23d83c29d7c1e542a5576d0d7d.pkl,0
/mnt/c/xs_pkl/42e908bcf5587b80cfa98c6ca1b580c23c519622.pkl,0
/mnt/c/xs_pkl/7475b388165ba865f770911832826ce9c4a6450c.pkl,0
/mnt/c/xs_pkl/fb42e2ce272bdb4474e3e7ae3fd3bf65324383ee.pkl,1
/mnt/c/xs_pkl/95d106e38f0a9f8b5a68d826179e2ba3d32d9ffc.pkl,0
/mnt/c/xs_pkl/e690a7159880b34453af09e64ef9016c5166679d.pkl,0
/mnt/c/xs_pkl/940d1e4a4499bca5565f3cb9d9df1a317833e835.pkl,0
/mnt/c/xs_pkl/775acf58dab3fefffc325be520a23033bc770702.pkl,0
/mnt/c/xs_pkl/14af0ba5b5b4ed5dd82685c7e50a544a5c5e7a98.pkl,0
/mnt/c/xs_pkl/cdfcefb9546128712a9f80af57110679375d0dc3.pkl,0
/mnt/c/xs_pkl/3400c5bf513c3a6776ce387a7d2aa720eb2f47b7.pkl,1
/mnt/c/xs_pkl/08d3d23c735df2ea0546fcbcc2fefebb7d340216.pkl,0
/mnt/c/xs_pkl/ca1668d8d389b48a5ba574925b4496df2950434d.pkl,0
/mnt/c/xs_pkl/f674545b87753d53771e3f916a016f30281319a0.pkl,0
/mnt/c/xs_pkl/099e79aaa5c721f02e1a0622dfd458ac6d4a4b08.pkl,0
/mnt/c/xs_pkl/16b0330260e3a3b338cc3d0373f59d09e0f890f9.pkl,0
/mnt/c/xs_pkl/2c3d9a50a5a181d6d155192f28c67d18503b4b77.pkl,0
/mnt/c/xs_pkl/9fd55aecaa3f67a4312783a76d3c3eb03185b647.pkl,0
/mnt/c/xs_pkl/be08150eee9d8233f2cc1cd06f11422482a3f7dd.pkl,1
/mnt/c/xs_pkl/99a4649b056160713c743fdce7cfebaa3c89565f.pkl,0
/mnt/c/xs_pkl/900dde4998f245d019573ba8d5de750ab7998878.pkl,0
/mnt/c/xs_pkl/62eac1408047af8ea98613026e42068535203d55.pkl,0
/mnt/c/xs_pkl/0b5780db6c362e6ba4a79ceaafd6671b52d77dad.pkl,0
/mnt/c/xs_pkl/c222b9792bb6a9003b2a614e0f82caa29572d147.pkl,0
/mnt/c/xs_pkl/4c4344847666a4cce140df2ab8490ac3d31f1e2c.pkl,1
/mnt/c/xs_pkl/19a6b88032782a974202d584d5fe66dcf6c375e0.pkl,0
/mnt/c/xs_pkl/e7691f8de8d15d701bc24c7dd9191de1745f8ecf.pkl,0
/mnt/c/xs_pkl/1a1a18bb7effde4f1a5e9efe36532e18a2ab1b25.pkl,0
/mnt/c/xs_pkl/b930bbef0462387b14ce856fe6ed58aa55bb357f.pkl,0
/mnt/c/xs_pkl/862a9d4ce084a245d2afa0484997bb796323f29e.pkl,0
/mnt/c/xs_pkl/0aa4a67a0b9c2cf621282d4d12d9122715bbd4ce.pkl,1
/mnt/c/xs_pkl/d19b4ba4c83a0782ab0fbf1be55a3055d381a03f.pkl,0
/mnt/c/xs_pkl/68fe07b2466272ff6f10426b8a35cd3ab35b5311.pkl,1
/mnt/c/xs_pkl/2338791f438dbeebc2865ac9328ac750ce4021ba.pkl,0
/mnt/c/xs_pkl/f2e63b57e398fc9e4bd2e020f39c81aa5e81572d.pkl,0
/mnt/c/xs_pkl/89e7d1eee8502f1f3fe82e8ab4073759c30effde.pkl,0
/mnt/c/xs_pkl/ba331a717cc4d0a8310cb7e63e4e1a3f7b9f6637.pkl,0
/mnt/c/xs_pkl/68d509d926bec49fc983acac183879752f15dcb2.pkl,1
/mnt/c/xs_pkl/4a5e5e49c55763a1ab8d827b794c6f65c5f4c92e.pkl,0
/mnt/c/xs_pkl/796eacdd69a42a825892c4af15e72db9b510f621.pkl,0
/mnt/c/xs_pkl/10f00cdc60ccf74f6529c5f5c011d34b941b8c51.pkl,0
/mnt/c/xs_pkl/b95c3e73bbbd42e1dcb71375482bb43934ab969b.pkl,0
/mnt/c/xs_pkl/6057a562107a25ffeec9075c57178cda4b0cffee.pkl,0
/mnt/c/xs_pkl/d313f9ed7243a166027cf4aee91f8f165fe141d0.pkl,0
/mnt/c/xs_pkl/e3b521baeb5786036a8db1064b401e0c85e88a2f.pkl,0
/mnt/c/xs_pkl/8e86235abf0bd657f2baaf3fa7479fd7aca14f64.pkl,0
/mnt/c/xs_pkl/9722af58ac26f2b6925167878c78ccfa02bf7522.pkl,0
/mnt/c/xs_pkl/a3af909a9ce233e75275899bf4b7b4f56254f9b9.pkl,1
/mnt/c/xs_pkl/cd526266786c34b801588cf0316c5f2cadefdaee.pkl,1
/mnt/c/xs_pkl/988fa10e22ec9c6d2ac1068419c41da6b6c4c0e3.pkl,0
/mnt/c/xs_pkl/d3e209500b904f9fdf790675e5e69152c56e9d38.pkl,0
/mnt/c/xs_pkl/49aafc6ac192e4efbe32f06bc3271b61975c4ae4.pkl,0
/mnt/c/xs_pkl/507d80cde9cddb9aecde2e6ffe92620513979d26.pkl,0
/mnt/c/xs_pkl/77e9ff622eb2b07d4eb908146251d2061895fd47.pkl,0
/mnt/c/xs_pkl/13a8e28e0ec70a0dc555aeb39e8afe256e338f4f.pkl,0
/mnt/c/xs_pkl/ef32896012f22312a7434950550a03d0e05e5a79.pkl,1
/mnt/c/xs_pkl/66bdffd7f951ee393de22038d85dfe6cd7c67c24.pkl,0
/mnt/c/xs_pkl/5ceb5ab9986a28a51f9f2654f4336465a54c38b3.pkl,0
/mnt/c/xs_pkl/a7c93c3dbd5ca1126a9ae85a8a027fb2488b15c0.pkl,0
/mnt/c/xs_pkl/c88dd3fdf5fccdcb719048fbbcbdae0156225810.pkl,1
/mnt/c/xs_pkl/3197e563b2f4e132eb69d56e4ae5d93035a1ae7f.pkl,0
/mnt/c/xs_pkl/27affb8fa521a6bf0a53a80258097f95a6f078f4.pkl,0
/mnt/c/xs_pkl/b8a2cecf7cb86b9df3c859a27ce1273ec825f275.pkl,0
/mnt/c/xs_pkl/57b1b39d50f83ce5034f8466c22881f3e8f3aec8.pkl,1
/mnt/c/xs_pkl/1bd3ff61faf5ae647d3e7374809617d9a95f394f.pkl,1
/mnt/c/xs_pkl/e10960883ad9642ead2f4264574e8494194b9100.pkl,1
/mnt/c/xs_pkl/dc4fed9fb61d64d538ab241ff6145e0df87ccda8.pkl,0
/mnt/c/xs_pkl/274807a445500badf4b458ff80a5ab2ad55c1f77.pkl,0
/mnt/c/xs_pkl/c7d7fe0fb457e1181902aea5a75c8a0c1059091c.pkl,0
/mnt/c/xs_pkl/92017959e57bbf2437fb5c82ef9ef726e59065cb.pkl,0
/mnt/c/xs_pkl/41259ed0953fcb5d49294596df79c071d4e7dc90.pkl,0
/mnt/c/xs_pkl/e8328104560bf18e369ee50d1ec8c42a59ba0977.pkl,0
/mnt/c/xs_pkl/02a63b30ca001240a3b0551a569b6f2dc08bfdc6.pkl,0
/mnt/c/xs_pkl/1e995fab504e56126453a9254c838abfdcdb86fa.pkl,1
/mnt/c/xs_pkl/868baa918c461044cd729e69ba6bb230a5ddf277.pkl,1
/mnt/c/xs_pkl/9f9ad460beec14d256b335945f0a50c902add949.pkl,1
/mnt/c/xs_pkl/968dd434e89ed0a6c2d8bf768e0de8bda7bdfc89.pkl,0
/mnt/c/xs_pkl/9226b7e86c9983c20fc2cbf69cfb0faadb257a44.pkl,1
/mnt/c/xs_pkl/4525f2ef652f21cd5085675a254c1e385978c3f4.pkl,1
/mnt/c/xs_pkl/fc11a07a47cbd8566929f9459cb73bb34b97aacf.pkl,0
/mnt/c/xs_pkl/d34ebedc129e55cab0f55a5798a0a270bdfb869a.pkl,1
/mnt/c/xs_pkl/f311615cef871d7131b5e83cc0a65721bb39e2cb.pkl,0
/mnt/c/xs_pkl/d3ff5d395476c248d9d5f583899cd02e9fe06e55.pkl,0
/mnt/c/xs_pkl/0af3ad165932ee9de890d0ca6ad0677af49fb941.pkl,0
/mnt/c/xs_pkl/2a34ff0dd8969afc79f7c80e162796b85e571c3d.pkl,0
/mnt/c/xs_pkl/cc78a716ad36da128fc5260e238efd065ddd2aa7.pkl,0
/mnt/c/xs_pkl/80254cf7ae69823bc0530b0eb6c242117aa0fe81.pkl,0
/mnt/c/xs_pkl/28851eb8bd915691a9781ddb6820b1687ba39eda.pkl,0
/mnt/c/xs_pkl/ec17bf54aa0a2d8dd2772a82028aa00159883690.pkl,1
/mnt/c/xs_pkl/6e16eb31f642327afbed7b8d4ca56e791b799cca.pkl,0
/mnt/c/xs_pkl/5699dd8deddacad177c7cb4691c5e817fef7af94.pkl,1
/mnt/c/xs_pkl/dc0bddc56affc79f5a0dd7c5e96f34a1a76f3139.pkl,0
/mnt/c/xs_pkl/bfd96f5f92c5a3b62a8ce61bc94fef28fa3bbfc2.pkl,0
/mnt/c/xs_pkl/f6086f32cfcb8ee2e08807b637eda04876f69cf6.pkl,0
/mnt/c/xs_pkl/e6d4e1766e546af676c12b83b76357e0b770f759.pkl,0
/mnt/c/xs_pkl/844b6679d8beea38f6a437aeff907ecd74174830.pkl,0
/mnt/c/xs_pkl/50a13d0be6e8b383de04b7d799dd0fedf18b5806.pkl,0
/mnt/c/xs_pkl/c983eb72b2539315483b365b6f99ba085a682ce9.pkl,0
/mnt/c/xs_pkl/7df3255407ff227a1cd9a456c9180ca38c3f2694.pkl,1
/mnt/c/xs_pkl/87a4f97bddf057b19293c25e70a48b6cb6f04af6.pkl,0
/mnt/c/xs_pkl/7c57b23511703fd0430e64fa1420582eb109bba6.pkl,0
